MSE,MAE,RMSE,MAPE,MDAPE,R-squared
2638.4540936259427,44.8105256944025,51.365884530746115,5.0744410968860905,4.367037504666097,0.9373362077150348
