MSE,RMSE,MAPE,MAE,MDAPE,R-squared
14303.781849001594,119.59841909072877,12.20373022209801,108.72488817101926,11.474359532467403,0.6600815127376557
