MSE,MAE,RMSE,MAPE,MDAPE,R-squared
1883.363870366822,31.63222491109175,43.397740383190715,3.4299462917071826,2.7433397720318236,0.9553508616233083
