MSE,RMSE,MAPE,MAE,MDAPE,R-squared
14196.398880940955,119.14864196012036,11.963864064777892,107.34395120675939,11.039234550376776,0.6626333872311457
