MSE,RMSE,MAPE,MAE,MDAPE,R-squared
14638.161789978598,120.98827129097513,12.20654183327569,109.18417331200344,11.187602058033738,0.6521352279783066
