MSE,MAE,RMSE,MAPE,MDAPE,R-squared
653.9390330262169,21.888988168745502,25.572231678643476,2.4861196675110753,2.1014557505006954,0.9844688221668959
