MSE,RMSE,MAPE,MAE,MDAPE,R-squared
14269.283544163685,119.45410643491368,12.13285164846998,108.22204455555814,11.483490666322508,0.6609013386911978
