MSE,MAE,RMSE,MAPE,MDAPE,R-squared
1855.0907449963786,31.35978852155222,43.07076438834559,3.4145687552062385,2.515046492866848,0.9560211360757754
