MSE,RMSE,MAE,MAPE,MDAPE,R-squared
4337.651102273074,65.86084650437674,53.10083811877922,,,0.8969190234777371
